Accel	Fgrav
0.04093983624	0.196
0.07826086957	0.294
0.1144403865	0.392
0.1529919347	0.49
0.1928968305	0.588
0.2288525587	0.686
